MYOCARDIAL INFARCTION ;DISRHYTMIA;GV
CONTROL;CONTROL;GVH
CONTROL;CARDIOMYOPATHY;GV
CONTROL;CARDIOMYOPATHY;GVH
MYOCARDIAL INFARCTION ;CONTROL;SIGNAL
CONTROL;BUNDLE BRANCH BLOCK ;GVH
CONTROL;CARDIOMYOPATHY;GV
CONTROL;DISRHYTMIA;GV
CONTROL;CONTROL;GV
DISRHYTMIA;CONTROL;SIGNAL
CARDIOMYOPATHY;CARDIOMYOPATHY;GVH
DISRHYTMIA;CARDIOMYOPATHY;GVH
CONTROL;CARDIOMYOPATHY;GVH
CONTROL;BUNDLE BRANCH BLOCK ;GV
DISRHYTMIA;CARDIOMYOPATHY;GV
BUNDLE BRANCH BLOCK ;CARDIOMYOPATHY;GV
MYOCARDIAL INFARCTION ;CARDIOMYOPATHY;GVH
MYOCARDIAL INFARCTION ;DISRHYTMIA;GV
DISRHYTMIA;BUNDLE BRANCH BLOCK ;SIGNAL
MYOCARDIAL INFARCTION ;MYOCARDIAL INFARCTION ;SIGNAL
DISRHYTMIA;MYOCARDIAL INFARCTION ;SIGNAL
BUNDLE BRANCH BLOCK ;BUNDLE BRANCH BLOCK ;SIGNAL
DISRHYTMIA;CONTROL;SIGNAL
CONTROL;CONTROL;GV
BUNDLE BRANCH BLOCK ;BUNDLE BRANCH BLOCK ;GV
CONTROL;DISRHYTMIA;GVH
DISRHYTMIA;DISRHYTMIA;GV
BUNDLE BRANCH BLOCK ;CONTROL;SIGNAL
CONTROL;BUNDLE BRANCH BLOCK ;GV
MYOCARDIAL INFARCTION ;MYOCARDIAL INFARCTION ;GV
MYOCARDIAL INFARCTION ;BUNDLE BRANCH BLOCK ;GV
CONTROL;CARDIOMYOPATHY;GVH
CONTROL;CONTROL;SIGNAL
CARDIOMYOPATHY;CARDIOMYOPATHY;GV
MYOCARDIAL INFARCTION ;BUNDLE BRANCH BLOCK ;SIGNAL
DISRHYTMIA;CARDIOMYOPATHY;GV
CONTROL;BUNDLE BRANCH BLOCK ;GV
CONTROL;BUNDLE BRANCH BLOCK ;GVH
MYOCARDIAL INFARCTION ;MYOCARDIAL INFARCTION ;GVH
MYOCARDIAL INFARCTION ;DISRHYTMIA;SIGNAL
MYOCARDIAL INFARCTION ;CARDIOMYOPATHY;GV
CONTROL;DISRHYTMIA;SIGNAL
CARDIOMYOPATHY;CARDIOMYOPATHY;GVH
MYOCARDIAL INFARCTION ;BUNDLE BRANCH BLOCK ;SIGNAL
DISRHYTMIA;CARDIOMYOPATHY;GV
CONTROL;DISRHYTMIA;GV
DISRHYTMIA;BUNDLE BRANCH BLOCK ;GVH
CONTROL;CARDIOMYOPATHY;SIGNAL
CARDIOMYOPATHY;BUNDLE BRANCH BLOCK ;SIGNAL
BUNDLE BRANCH BLOCK ;MYOCARDIAL INFARCTION ;SIGNAL
CONTROL;DISRHYTMIA;GV
DISRHYTMIA;BUNDLE BRANCH BLOCK ;SIGNAL
CONTROL;BUNDLE BRANCH BLOCK ;GV
MYOCARDIAL INFARCTION ;MYOCARDIAL INFARCTION ;SIGNAL
CARDIOMYOPATHY;CARDIOMYOPATHY;GV
CONTROL;DISRHYTMIA;GV
BUNDLE BRANCH BLOCK ;CARDIOMYOPATHY;SIGNAL
CONTROL;MYOCARDIAL INFARCTION ;GVH
DISRHYTMIA;CARDIOMYOPATHY;GVH
MYOCARDIAL INFARCTION ;DISRHYTMIA;GVH
MYOCARDIAL INFARCTION ;MYOCARDIAL INFARCTION ;GV
DISRHYTMIA;BUNDLE BRANCH BLOCK ;GV
MYOCARDIAL INFARCTION ;MYOCARDIAL INFARCTION ;GVH
MYOCARDIAL INFARCTION ;BUNDLE BRANCH BLOCK ;GVH
BUNDLE BRANCH BLOCK ;CARDIOMYOPATHY;GV
BUNDLE BRANCH BLOCK ;BUNDLE BRANCH BLOCK ;GVH
CONTROL;BUNDLE BRANCH BLOCK ;SIGNAL
CARDIOMYOPATHY;CARDIOMYOPATHY;SIGNAL
MYOCARDIAL INFARCTION ;BUNDLE BRANCH BLOCK ;GV
DISRHYTMIA;CARDIOMYOPATHY;SIGNAL
DISRHYTMIA;DISRHYTMIA;GVH
BUNDLE BRANCH BLOCK ;BUNDLE BRANCH BLOCK ;GV
BUNDLE BRANCH BLOCK ;BUNDLE BRANCH BLOCK ;SIGNAL
DISRHYTMIA;DISRHYTMIA;SIGNAL
BUNDLE BRANCH BLOCK ;BUNDLE BRANCH BLOCK ;SIGNAL
CARDIOMYOPATHY;DISRHYTMIA;SIGNAL
CONTROL;DISRHYTMIA;GVH
DISRHYTMIA;DISRHYTMIA;GVH
BUNDLE BRANCH BLOCK ;BUNDLE BRANCH BLOCK ;GV
MYOCARDIAL INFARCTION ;CARDIOMYOPATHY;GV
BUNDLE BRANCH BLOCK ;CARDIOMYOPATHY;GV
DISRHYTMIA;MYOCARDIAL INFARCTION ;SIGNAL
MYOCARDIAL INFARCTION ;MYOCARDIAL INFARCTION ;SIGNAL
MYOCARDIAL INFARCTION ;CARDIOMYOPATHY;GVH
DISRHYTMIA;BUNDLE BRANCH BLOCK ;GVH
CONTROL;CARDIOMYOPATHY;GV
BUNDLE BRANCH BLOCK ;BUNDLE BRANCH BLOCK ;GVH
MYOCARDIAL INFARCTION ;MYOCARDIAL INFARCTION ;GVH
CONTROL;CONTROL;SIGNAL
CARDIOMYOPATHY;MYOCARDIAL INFARCTION ;SIGNAL
CONTROL;BUNDLE BRANCH BLOCK ;SIGNAL
CONTROL;MYOCARDIAL INFARCTION ;SIGNAL
MYOCARDIAL INFARCTION ;DISRHYTMIA;GV
CARDIOMYOPATHY;CARDIOMYOPATHY;SIGNAL
BUNDLE BRANCH BLOCK ;DISRHYTMIA;SIGNAL
DISRHYTMIA;DISRHYTMIA;GVH
CONTROL;CARDIOMYOPATHY;GVH
BUNDLE BRANCH BLOCK ;CARDIOMYOPATHY;GVH
MYOCARDIAL INFARCTION ;CARDIOMYOPATHY;GV
MYOCARDIAL INFARCTION ;DISRHYTMIA;GV
CARDIOMYOPATHY;CONTROL;SIGNAL
CONTROL;MYOCARDIAL INFARCTION ;GV
CONTROL;MYOCARDIAL INFARCTION ;GV
MYOCARDIAL INFARCTION ;CONTROL;SIGNAL
DISRHYTMIA;BUNDLE BRANCH BLOCK ;GV
CONTROL;MYOCARDIAL INFARCTION ;GVH
CONTROL;DISRHYTMIA;GVH
CONTROL;MYOCARDIAL INFARCTION ;GV
BUNDLE BRANCH BLOCK ;BUNDLE BRANCH BLOCK ;GVH
CONTROL;CONTROL;SIGNAL
BUNDLE BRANCH BLOCK ;MYOCARDIAL INFARCTION ;SIGNAL
CONTROL;MYOCARDIAL INFARCTION ;SIGNAL
MYOCARDIAL INFARCTION ;BUNDLE BRANCH BLOCK ;GVH
CARDIOMYOPATHY;MYOCARDIAL INFARCTION ;SIGNAL
DISRHYTMIA;CARDIOMYOPATHY;GVH
BUNDLE BRANCH BLOCK ;CARDIOMYOPATHY;GVH
CONTROL;BUNDLE BRANCH BLOCK ;GVH
MYOCARDIAL INFARCTION ;CARDIOMYOPATHY;SIGNAL
DISRHYTMIA;BUNDLE BRANCH BLOCK ;GV
MYOCARDIAL INFARCTION ;BUNDLE BRANCH BLOCK ;GV
MYOCARDIAL INFARCTION ;MYOCARDIAL INFARCTION ;GV
CARDIOMYOPATHY;CARDIOMYOPATHY;SIGNAL
BUNDLE BRANCH BLOCK ;CARDIOMYOPATHY;GVH
CONTROL;CARDIOMYOPATHY;GV
DISRHYTMIA;DISRHYTMIA;GV
DISRHYTMIA;DISRHYTMIA;SIGNAL
CONTROL;DISRHYTMIA;SIGNAL
CONTROL;MYOCARDIAL INFARCTION ;GV
DISRHYTMIA;DISRHYTMIA;GV
DISRHYTMIA;DISRHYTMIA;GV
CARDIOMYOPATHY;CARDIOMYOPATHY;GVH
MYOCARDIAL INFARCTION ;CARDIOMYOPATHY;GVH
CONTROL;MYOCARDIAL INFARCTION ;GVH
CARDIOMYOPATHY;DISRHYTMIA;SIGNAL
CONTROL;BUNDLE BRANCH BLOCK ;GVH
DISRHYTMIA;BUNDLE BRANCH BLOCK ;GVH
MYOCARDIAL INFARCTION ;DISRHYTMIA;SIGNAL
BUNDLE BRANCH BLOCK ;BUNDLE BRANCH BLOCK ;GVH
BUNDLE BRANCH BLOCK ;DISRHYTMIA;SIGNAL
CARDIOMYOPATHY;CARDIOMYOPATHY;SIGNAL
BUNDLE BRANCH BLOCK ;BUNDLE BRANCH BLOCK ;GV
MYOCARDIAL INFARCTION ;BUNDLE BRANCH BLOCK ;GVH
MYOCARDIAL INFARCTION ;MYOCARDIAL INFARCTION ;GV
DISRHYTMIA;CARDIOMYOPATHY;GV
MYOCARDIAL INFARCTION ;CARDIOMYOPATHY;GVH
CONTROL;CARDIOMYOPATHY;SIGNAL
DISRHYTMIA;DISRHYTMIA;GVH
MYOCARDIAL INFARCTION ;MYOCARDIAL INFARCTION ;SIGNAL
MYOCARDIAL INFARCTION ;BUNDLE BRANCH BLOCK ;GVH
CONTROL;CONTROL;GVH
MYOCARDIAL INFARCTION ;CARDIOMYOPATHY;GV
DISRHYTMIA;BUNDLE BRANCH BLOCK ;GV
CONTROL;DISRHYTMIA;GVH
CARDIOMYOPATHY;CONTROL;SIGNAL
DISRHYTMIA;DISRHYTMIA;SIGNAL
BUNDLE BRANCH BLOCK ;CARDIOMYOPATHY;GV
BUNDLE BRANCH BLOCK ;CARDIOMYOPATHY;GVH
DISRHYTMIA;BUNDLE BRANCH BLOCK ;GVH
MYOCARDIAL INFARCTION ;DISRHYTMIA;GVH
CONTROL;CONTROL;GVH
CONTROL;CONTROL;GV
DISRHYTMIA;CARDIOMYOPATHY;SIGNAL
DISRHYTMIA;DISRHYTMIA;SIGNAL
CONTROL;CONTROL;SIGNAL
CONTROL;CONTROL;GVH
CARDIOMYOPATHY;CARDIOMYOPATHY;GVH
BUNDLE BRANCH BLOCK ;CONTROL;SIGNAL
CONTROL;MYOCARDIAL INFARCTION ;GVH
CARDIOMYOPATHY;BUNDLE BRANCH BLOCK ;SIGNAL
CARDIOMYOPATHY;CARDIOMYOPATHY;GV
CARDIOMYOPATHY;CARDIOMYOPATHY;GV
MYOCARDIAL INFARCTION ;DISRHYTMIA;GVH
CONTROL;CONTROL;GV
MYOCARDIAL INFARCTION ;MYOCARDIAL INFARCTION ;GVH
BUNDLE BRANCH BLOCK ;CARDIOMYOPATHY;SIGNAL
MYOCARDIAL INFARCTION ;DISRHYTMIA;GVH
BUNDLE BRANCH BLOCK ;BUNDLE BRANCH BLOCK ;SIGNAL
MYOCARDIAL INFARCTION ;CARDIOMYOPATHY;SIGNAL
DISRHYTMIA;CARDIOMYOPATHY;GVH
MYOCARDIAL INFARCTION ;BUNDLE BRANCH BLOCK ;GV
